Y-tunnus,company_name,address,website,registrationDate,detailsUri,companyForm
2086238-8,MUURAUS / LAATOITUS OSJU OY,,,2007-02-02,http://avoindata.prh.fi/opendata/tr/v1/2086238-8,OY
2091603-2,NG-Insulation Oy,,,2007-02-01,http://avoindata.prh.fi/opendata/tr/v1/2091603-2,OY
2135533-7,Helsingin Katto- ja rakennustakuu Oy,,,2007-09-10,http://avoindata.prh.fi/opendata/tr/v1/2135533-7,OY
2134464-6,Kokkolan Katto ja Kouru Oy,,,2007-09-07,http://avoindata.prh.fi/opendata/tr/v1/2134464-6,OY
2150469-7,HANNUN SANEERAUS JA LAATOITUSTYÖ OY,,,2007-10-31,http://avoindata.prh.fi/opendata/tr/v1/2150469-7,OY
2142324-8,Etelä-Suomen Kouru- ja Kattoturva Oy,,,2007-10-16,http://avoindata.prh.fi/opendata/tr/v1/2142324-8,OY
2145525-8,Avoimet Ovet LKV Oy,,,2007-10-10,http://avoindata.prh.fi/opendata/tr/v1/2145525-8,OY
2164478-8,Remonttiset Oy,,,2007-12-31,http://avoindata.prh.fi/opendata/tr/v1/2164478-8,OY
2162521-0,Remontti Norppa Oy,,,2007-12-18,http://avoindata.prh.fi/opendata/tr/v1/2162521-0,OY
2161219-6,nora flooring systems Oy,,,2007-12-14,http://avoindata.prh.fi/opendata/tr/v1/2161219-6,OY
2162477-9,Helsingin Kattotyö Oy,,,2007-12-14,http://avoindata.prh.fi/opendata/tr/v1/2162477-9,OY
2159976-1,Maalaus ja remontti Hirvonen Oy,,,2007-12-04,http://avoindata.prh.fi/opendata/tr/v1/2159976-1,OY
2130804-7,Raision seudun Laatoitusurakointi Oy,,,2007-08-21,http://avoindata.prh.fi/opendata/tr/v1/2130804-7,OY
2130994-7,Prosessi- ja vesitekniikka Provetek Oy,,,2007-08-08,http://avoindata.prh.fi/opendata/tr/v1/2130994-7,OY
2128192-1,Kattokanava Oy,,,2007-08-01,http://avoindata.prh.fi/opendata/tr/v1/2128192-1,OY
2128645-8,Remontti ja Asennus K. Silvan Oy,,,2007-07-24,http://avoindata.prh.fi/opendata/tr/v1/2128645-8,OY
2105686-3,Remontti Avux Oy,,,2007-03-29,http://avoindata.prh.fi/opendata/tr/v1/2105686-3,OY
2097287-8,Asunto Oy Mustasaaren Paulinhovi-Bostads Ab Korsholms Paulshovet,,,2007-03-06,http://avoindata.prh.fi/opendata/tr/v1/2097287-8,AOY
2097306-1,Asunto Oy Mustasaaren Eemelinhovi - Bostads Ab Korsholms Emilshovet,,,2007-03-06,http://avoindata.prh.fi/opendata/tr/v1/2097306-1,AOY
2097296-6,Asunto Oy Mustasaaren Jaarlenhovi - Bostads Ab Korsholms Jarlshovet,,,2007-03-06,http://avoindata.prh.fi/opendata/tr/v1/2097296-6,AOY
2085657-8,Kiinteistöhuolto & Remontti Kinnuset Oy,,,2007-01-12,http://avoindata.prh.fi/opendata/tr/v1/2085657-8,OY
2084264-3,Lahden Laatoituspalvelu Oy,,,2007-01-05,http://avoindata.prh.fi/opendata/tr/v1/2084264-3,OY
2082421-8,Rakennus- ja Remonttipalvelu Laitinen Oy,,,2007-01-01,http://avoindata.prh.fi/opendata/tr/v1/2082421-8,OY
2168408-5,Pisa Kattoremontti Oy,,,2008-02-11,http://avoindata.prh.fi/opendata/tr/v1/2168408-5,OY
2220514-6,Knauf Insulation Oy,,,2008-09-24,http://avoindata.prh.fi/opendata/tr/v1/2220514-6,OY
2220050-5,Mikonpoika Kattotyöt Oy,,,2008-09-23,http://avoindata.prh.fi/opendata/tr/v1/2220050-5,OY
2211919-2,Remonttipalvelu H.Kokkonen Oy,,,2008-09-04,http://avoindata.prh.fi/opendata/tr/v1/2211919-2,OY
2205238-9,Muuraus- ja laatoitustyö Sakari Taskila Oy,,,2008-08-22,http://avoindata.prh.fi/opendata/tr/v1/2205238-9,OY
2209077-2,Rakennus ja Remontti KotiValmis Oy,,,2008-08-20,http://avoindata.prh.fi/opendata/tr/v1/2209077-2,OY
2210511-0,AJ-Remontti Oy,,,2008-08-12,http://avoindata.prh.fi/opendata/tr/v1/2210511-0,OY
2230620-3,Remonttipalvelu Stark Oy,,,2008-11-07,http://avoindata.prh.fi/opendata/tr/v1/2230620-3,OY
2225664-8,Helsingin Remontti-10 Oy,,,2008-10-31,http://avoindata.prh.fi/opendata/tr/v1/2225664-8,OY
2226986-0,Pu-Re PutkiRemontti Oy,,,2008-10-23,http://avoindata.prh.fi/opendata/tr/v1/2226986-0,OY
2223810-8,Solvikin Kattohuolto Oy,,,2008-10-10,http://avoindata.prh.fi/opendata/tr/v1/2223810-8,OY
2221637-1,Aito Konesaumakatto Oy,,,2008-10-02,http://avoindata.prh.fi/opendata/tr/v1/2221637-1,OY
2239665-9,Katto ja Remonttipalvelu A Jokinen Oy,,,2008-12-18,http://avoindata.prh.fi/opendata/tr/v1/2239665-9,OY
2202600-9,Montolan Kattoveljet Oy,,,2008-07-15,http://avoindata.prh.fi/opendata/tr/v1/2202600-9,OY
2199264-3,Hämeen Remonttitiimi Oy,,,2008-06-17,http://avoindata.prh.fi/opendata/tr/v1/2199264-3,OY
2184633-9,Laatoituspalvelu Eksymä Oy,,,2008-03-28,http://avoindata.prh.fi/opendata/tr/v1/2184633-9,OY
2182610-0,Remonttipalvelut Jouni Väisänen Oy,,,2008-03-14,http://avoindata.prh.fi/opendata/tr/v1/2182610-0,OY
2181096-9,Remonttipalvelu M. Vilppola Oy,,,2008-03-12,http://avoindata.prh.fi/opendata/tr/v1/2181096-9,OY
2175729-9,Remontti-Center Oulu Oy,,,2008-03-11,http://avoindata.prh.fi/opendata/tr/v1/2175729-9,OY
2180802-5,Emovet Oy,,,2008-03-07,http://avoindata.prh.fi/opendata/tr/v1/2180802-5,OY
2179969-1,Kattopalatsi Oy,,,2008-03-05,http://avoindata.prh.fi/opendata/tr/v1/2179969-1,OY
2177663-3,SUOMEN KATTOMESTARIT OY,,,2008-03-03,http://avoindata.prh.fi/opendata/tr/v1/2177663-3,OY
2178961-0,PK-Remontti ja saneeraus Oy,,,2008-02-28,http://avoindata.prh.fi/opendata/tr/v1/2178961-0,OY
2174971-5,Järvi-Suomen Kattosaneeraus Oy,,,2008-02-20,http://avoindata.prh.fi/opendata/tr/v1/2174971-5,OY
2189990-8,Uudenmaan Luxuslaatoitus Oy,,,2008-04-22,http://avoindata.prh.fi/opendata/tr/v1/2189990-8,OY
2186524-9,EKOVETO PALVELUT OY,,,2008-04-15,http://avoindata.prh.fi/opendata/tr/v1/2186524-9,OY
2233824-8,JM REMONTTI JA SISUSTUSPALVELU OY,,,2009-01-07,http://avoindata.prh.fi/opendata/tr/v1/2233824-8,OY
2239823-2,REMONTTI- JA LVI-PALVELU JYRKI RANTANEN OY,,,2009-01-07,http://avoindata.prh.fi/opendata/tr/v1/2239823-2,OY
2284606-6,Katto Kuntoon Jukka Rämö Oy,,,2009-09-28,http://avoindata.prh.fi/opendata/tr/v1/2284606-6,OY
2295755-9,Uudenmaan Kattopalvelu Oy,,,2009-11-05,http://avoindata.prh.fi/opendata/tr/v1/2295755-9,OY
2290753-5,Oulun Remonttipiste Oy,,,2009-10-19,http://avoindata.prh.fi/opendata/tr/v1/2290753-5,OY
2273324-8,RAKENNUS JA LAATOITUS A. MERE OY,,,2009-07-03,http://avoindata.prh.fi/opendata/tr/v1/2273324-8,OY
2273035-4,Remontti Vesa Oy,,,2009-06-24,http://avoindata.prh.fi/opendata/tr/v1/2273035-4,OY
2252295-0,Remontti - Serra Oy,,,2009-02-25,http://avoindata.prh.fi/opendata/tr/v1/2252295-0,OY
2245264-9,Remontti Jarkko Oy,,,2009-01-23,http://avoindata.prh.fi/opendata/tr/v1/2245264-9,OY
2241445-8,Espoon Laaturemontti Oy,,,2009-01-21,http://avoindata.prh.fi/opendata/tr/v1/2241445-8,OY
2259050-7,JL Rakennus ja Laatoitus Oy,,,2009-04-01,http://avoindata.prh.fi/opendata/tr/v1/2259050-7,OY
2312502-5,Turun Kattoremontti Oy,,,2010-02-05,http://avoindata.prh.fi/opendata/tr/v1/2312502-5,OY
2306177-0,Finno Roofing Oy,,,2010-01-25,http://avoindata.prh.fi/opendata/tr/v1/2306177-0,OY
2307680-9,REMONTTI EINO OY,,,2010-01-20,http://avoindata.prh.fi/opendata/tr/v1/2307680-9,OY
2349975-6,Movetta Oy,,,2010-09-09,http://avoindata.prh.fi/opendata/tr/v1/2349975-6,OY
2361058-1,Remonttipalvelu Jutoro Oy,,,2010-10-19,http://avoindata.prh.fi/opendata/tr/v1/2361058-1,OY
2368570-0,Remonttitaikurit Oy,,,2010-12-20,http://avoindata.prh.fi/opendata/tr/v1/2368570-0,OY
2347042-7,Reippaat Remonttimiehet Oy Asikkala,,,2010-08-20,http://avoindata.prh.fi/opendata/tr/v1/2347042-7,OY
2343611-4,Vaasan Huoneistoremontti Oy,,,2010-07-09,http://avoindata.prh.fi/opendata/tr/v1/2343611-4,OY
2334250-5,Oulun Kattopalvelu Oy,,,2010-05-26,http://avoindata.prh.fi/opendata/tr/v1/2334250-5,OY
2330591-5,Varma Vesikatto Oy,,,2010-05-24,http://avoindata.prh.fi/opendata/tr/v1/2330591-5,OY
2320666-9,TN-Remonttipalvelu Oy,,,2010-03-17,http://avoindata.prh.fi/opendata/tr/v1/2320666-9,OY
2319883-0,HH - Taitoremontti Oy,,,2010-03-11,http://avoindata.prh.fi/opendata/tr/v1/2319883-0,OY
2331864-4,Kattoässät Oy,,,2010-05-19,http://avoindata.prh.fi/opendata/tr/v1/2331864-4,OY
2331081-0,Kerabit Kattohuolto Oy,,,2010-05-11,http://avoindata.prh.fi/opendata/tr/v1/2331081-0,OY
2329781-2,Helsingin Kattoturvatuote Oy,,,2010-04-30,http://avoindata.prh.fi/opendata/tr/v1/2329781-2,OY
2328037-5,Rovet Oy,,,2010-04-29,http://avoindata.prh.fi/opendata/tr/v1/2328037-5,OY
2321895-0,TJS-Remonttipalvelu Oy,,,2010-04-16,http://avoindata.prh.fi/opendata/tr/v1/2321895-0,OY
2344847-3,Hellsten Flooring Ltd. Oy,,,2011-02-28,http://avoindata.prh.fi/opendata/tr/v1/2344847-3,OY
2390320-2,Koillismaan Kattopalvelu Oy,,,2011-02-23,http://avoindata.prh.fi/opendata/tr/v1/2390320-2,OY
2385575-7,Remontti ja Maalaus Satorex Oy,,,2011-02-07,http://avoindata.prh.fi/opendata/tr/v1/2385575-7,OY
2382165-3,AKT Remontti Oy,,,2011-02-01,http://avoindata.prh.fi/opendata/tr/v1/2382165-3,OY
2422373-5,Riihimäen Remonttipalvelu Oy,,,2011-10-01,http://avoindata.prh.fi/opendata/tr/v1/2422373-5,OY
2426808-7,Nallen Remontti ja Rakennus Oy,,,2011-09-27,http://avoindata.prh.fi/opendata/tr/v1/2426808-7,OY
2427818-9,Kattobest Oy,,,2011-09-16,http://avoindata.prh.fi/opendata/tr/v1/2427818-9,OY
2424649-4,Ounasremontti Oy,,,2011-09-12,http://avoindata.prh.fi/opendata/tr/v1/2424649-4,OY
2426039-2,Arctic Doors Oy,,,2011-09-05,http://avoindata.prh.fi/opendata/tr/v1/2426039-2,OY
2434542-5,Suomen kattopalvelu Oy,,,2011-11-08,http://avoindata.prh.fi/opendata/tr/v1/2434542-5,OY
2404102-6,Hämeen Kattokeskus Oy,,,2011-10-31,http://avoindata.prh.fi/opendata/tr/v1/2404102-6,OY
2432874-8,Kimmon kattomaalaus ja -huolto Oy,,,2011-10-14,http://avoindata.prh.fi/opendata/tr/v1/2432874-8,OY
2432892-4,Kerabit Katto Oy,,,2011-10-13,http://avoindata.prh.fi/opendata/tr/v1/2432892-4,OY
2439981-0,Bostads Ab Nykarleby Stjärnhovet Asunto Oy,,,2011-11-22,http://avoindata.prh.fi/opendata/tr/v1/2439981-0,AOY
2411768-4,MCC rakennus ja remontti Oy,,,2011-06-17,http://avoindata.prh.fi/opendata/tr/v1/2411768-4,OY
2412906-0,KMK Remontti Oy,,,2011-06-15,http://avoindata.prh.fi/opendata/tr/v1/2412906-0,OY
2409848-7,Hämeen maalaus- ja remonttipalvelu Oy,,,2011-06-03,http://avoindata.prh.fi/opendata/tr/v1/2409848-7,OY
2398584-2,Tuusulan Remonttipalvelu Oy,,,2011-04-06,http://avoindata.prh.fi/opendata/tr/v1/2398584-2,OY
2392085-4,Laatoitus Pertti Viitala Oy,,,2011-03-08,http://avoindata.prh.fi/opendata/tr/v1/2392085-4,OY
2383187-8,Korsu Ovet Oy,,,2011-01-28,http://avoindata.prh.fi/opendata/tr/v1/2383187-8,OY
2382032-7,Ilmastointi ja remontti Extra Oy,,,2011-01-25,http://avoindata.prh.fi/opendata/tr/v1/2382032-7,OY
2369291-9,Helsingin Kattohuolto Oy,,,2011-01-21,http://avoindata.prh.fi/opendata/tr/v1/2369291-9,OY
2380187-1,Päijät-Hämeen Laatulaatoitus Oy,,,2011-01-17,http://avoindata.prh.fi/opendata/tr/v1/2380187-1,OY
2403959-1,Remontti Koskinen oy,,,2011-05-17,http://avoindata.prh.fi/opendata/tr/v1/2403959-1,OY
2406090-5,Outdoors Evo Oy,,,2011-05-13,http://avoindata.prh.fi/opendata/tr/v1/2406090-5,OY
2402845-4,Jyrykatto Oy,,,2011-04-29,http://avoindata.prh.fi/opendata/tr/v1/2402845-4,OY
2462149-3,Remonttipalvelu Tolamo Oy,,,2012-03-02,http://avoindata.prh.fi/opendata/tr/v1/2462149-3,OY
2458900-8,ES-Kattokeskus oy,,,2012-02-03,http://avoindata.prh.fi/opendata/tr/v1/2458900-8,OY
2501476-7,AstonLux Doors Oy,,,2012-10-09,http://avoindata.prh.fi/opendata/tr/v1/2501476-7,OY
2492339-5,Rakennus Ja Laatoitus Leinonen & Kaukonen Oy,,,2012-09-03,http://avoindata.prh.fi/opendata/tr/v1/2492339-5,OY
2510076-1,Remonttityö Raimo J. Rantanen Oy,,,2012-11-15,http://avoindata.prh.fi/opendata/tr/v1/2510076-1,OY
2508600-7,Tarkka Katto Oy,,,2012-11-07,http://avoindata.prh.fi/opendata/tr/v1/2508600-7,OY
2518955-9,Remonttipalvelu Amaranth Oy,,,2012-12-31,http://avoindata.prh.fi/opendata/tr/v1/2518955-9,OY
2509132-4,MY-Remontti Oy,,,2012-12-07,http://avoindata.prh.fi/opendata/tr/v1/2509132-4,OY
2484524-3,Bostads Ab Korsholms Bölehovet Asunto Oy,,,2012-08-14,http://avoindata.prh.fi/opendata/tr/v1/2484524-3,AOY
2479282-3,E-kattotiivistykset Oy,,,2012-06-13,http://avoindata.prh.fi/opendata/tr/v1/2479282-3,OY
2468317-6,KM Roofing Oy Ab,,,2012-04-02,http://avoindata.prh.fi/opendata/tr/v1/2468317-6,OY
2468087-2,Sievin Remontti Oy,,,2012-03-26,http://avoindata.prh.fi/opendata/tr/v1/2468087-2,OY
2467985-5,Lapin Kattoturva Oy,,,2012-03-23,http://avoindata.prh.fi/opendata/tr/v1/2467985-5,OY
2465709-0,Hämeen Kattokonsultti Oy,,,2012-03-21,http://avoindata.prh.fi/opendata/tr/v1/2465709-0,OY
2465211-8,KATTOTEX Oy,,,2012-03-21,http://avoindata.prh.fi/opendata/tr/v1/2465211-8,OY
2454454-7,HL-Ikkunat Oy,,,2012-01-26,http://avoindata.prh.fi/opendata/tr/v1/2454454-7,OY
2452036-9,Remontti Fix Oy,,,2012-01-20,http://avoindata.prh.fi/opendata/tr/v1/2452036-9,OY
2450855-4,Asunto Oy Vaasan Koivuhovi - Bostads Ab Vasa Björkhovet,,,2012-01-11,http://avoindata.prh.fi/opendata/tr/v1/2450855-4,AOY
2452496-8,Uudenmaan Kattohuolto Oy,,,2012-01-10,http://avoindata.prh.fi/opendata/tr/v1/2452496-8,OY
2450304-0,Rakennus ja Laatoitus M Elo Oy,,,2012-01-09,http://avoindata.prh.fi/opendata/tr/v1/2450304-0,OY
2464850-6,Zero Outdoors Oy,,,2012-05-31,http://avoindata.prh.fi/opendata/tr/v1/2464850-6,OY
2472617-2,Remontti Rex Oy,,,2012-04-30,http://avoindata.prh.fi/opendata/tr/v1/2472617-2,OY
2534214-6,OUSE Insulation Oy,,,2013-03-21,http://avoindata.prh.fi/opendata/tr/v1/2534214-6,OY
2532539-7,REMONTTIKOLMIKKO OY,,,2013-02-27,http://avoindata.prh.fi/opendata/tr/v1/2532539-7,OY
2570339-4,Remontti-Helgkari Oy,,,2013-10-08,http://avoindata.prh.fi/opendata/tr/v1/2570339-4,OY
2566043-5,Kerabit Kattoelementit Oy,,,2013-10-03,http://avoindata.prh.fi/opendata/tr/v1/2566043-5,OY
2566113-9,Rakennus- ja remonttityö Arto Väyrynen Oy,,,2013-09-11,http://avoindata.prh.fi/opendata/tr/v1/2566113-9,OY
2577098-4,J&J Laatoitus ja Rakennus Oy,,,2013-11-07,http://avoindata.prh.fi/opendata/tr/v1/2577098-4,OY
2578803-3,Rakennus Remontti Pekka Kaski Oy,,,2013-11-01,http://avoindata.prh.fi/opendata/tr/v1/2578803-3,OY
2576673-1,Laatoitus ja Rakennus Piira Oy,,,2013-10-30,http://avoindata.prh.fi/opendata/tr/v1/2576673-1,OY
2576720-8,Uudenmaan Remonttiapu Oy,,,2013-10-28,http://avoindata.prh.fi/opendata/tr/v1/2576720-8,OY
2570764-3,SUOMEN KATTOPROJEKTI OY,,,2013-10-22,http://avoindata.prh.fi/opendata/tr/v1/2570764-3,OY
2576294-1,Pirkanmaan Laatuikkunat Oy,,,2013-10-21,http://avoindata.prh.fi/opendata/tr/v1/2576294-1,OY
2590640-7,Jovete Oy,,,2013-12-30,http://avoindata.prh.fi/opendata/tr/v1/2590640-7,OY
2587045-9,Pirkan remontti yhtiöt Oy,,,2013-12-10,http://avoindata.prh.fi/opendata/tr/v1/2587045-9,OY
2583600-7,VePe Oy Remontti Lähdesmäki,,,2013-11-27,http://avoindata.prh.fi/opendata/tr/v1/2583600-7,OY
2581890-9,Profin Sydänpuu ikkunat ja ovet Oy,,,2013-11-22,http://avoindata.prh.fi/opendata/tr/v1/2581890-9,OY
2560397-5,Porin Ässäremontti Oy,,,2013-08-02,http://avoindata.prh.fi/opendata/tr/v1/2560397-5,OY
2552160-3,Neovet Oy,,,2013-07-11,http://avoindata.prh.fi/opendata/tr/v1/2552160-3,OY
2553591-7,Kattogroup Oy,,,2013-06-20,http://avoindata.prh.fi/opendata/tr/v1/2553591-7,OY
2553054-2,HS Muuraus ja Laatoitus Oy,,,2013-06-18,http://avoindata.prh.fi/opendata/tr/v1/2553054-2,OY
2539246-9,RD-Katto Oy,,,2013-04-25,http://avoindata.prh.fi/opendata/tr/v1/2539246-9,OY
2542518-7,Varsinais-Suomen Kattopalvelu Oy,,,2013-04-24,http://avoindata.prh.fi/opendata/tr/v1/2542518-7,OY
2535474-5,Tapsan Remonttipalvelu Oy,,,2013-04-03,http://avoindata.prh.fi/opendata/tr/v1/2535474-5,OY
2523364-4,Flooring Pro Finland Oy,,,2013-02-12,http://avoindata.prh.fi/opendata/tr/v1/2523364-4,OY
2525844-6,Remonttipalvelut S. Martiskainen OY,,,2013-02-01,http://avoindata.prh.fi/opendata/tr/v1/2525844-6,OY
2523698-4,Suomen Vahva-Katto Oy,,,2013-01-31,http://avoindata.prh.fi/opendata/tr/v1/2523698-4,OY
2523211-5,AP-Laatoitus Oy,,,2013-01-25,http://avoindata.prh.fi/opendata/tr/v1/2523211-5,OY
2523195-6,Helsingin Kattopalvelu Oy,,,2013-01-23,http://avoindata.prh.fi/opendata/tr/v1/2523195-6,OY
2548190-4,Ab Vasa Bygg och Remont - Vaasan Rakennus ja Remontti Oy,,,2013-05-24,http://avoindata.prh.fi/opendata/tr/v1/2548190-4,OY
2539845-7,First Choice Remontti Oy,,,2013-05-08,http://avoindata.prh.fi/opendata/tr/v1/2539845-7,OY
2607933-5,EnviroVet Oy,,,2014-03-21,http://avoindata.prh.fi/opendata/tr/v1/2607933-5,OY
2606878-3,Keski-Suomen Kattohuolto Oy,,,2014-03-20,http://avoindata.prh.fi/opendata/tr/v1/2606878-3,OY
2599343-2,T-J Katto ja Kotipalvelu Oy,,,2014-03-05,http://avoindata.prh.fi/opendata/tr/v1/2599343-2,OY
2605567-5,Suomen Huopakatto Oy,,,2014-02-25,http://avoindata.prh.fi/opendata/tr/v1/2605567-5,OY
2596730-6,IKOVET OY,,,2014-02-21,http://avoindata.prh.fi/opendata/tr/v1/2596730-6,OY
2603005-6,RemonttiApaja Oy,,,2014-02-19,http://avoindata.prh.fi/opendata/tr/v1/2603005-6,OY
2602524-9,KP-Rakennus ja Remontti Oy,,,2014-02-19,http://avoindata.prh.fi/opendata/tr/v1/2602524-9,OY
2637604-9,LS Kattoservice Oy,,,2014-10-02,http://avoindata.prh.fi/opendata/tr/v1/2637604-9,OY
2642970-2,Remonttiräätäli Oy,,,2014-09-29,http://avoindata.prh.fi/opendata/tr/v1/2642970-2,OY
2653050-1,Kattomestarit Oy Rakennusliike,,,2014-11-17,http://avoindata.prh.fi/opendata/tr/v1/2653050-1,OY
2650329-8,Hattulan Remonttipalvelut Oy,,,2014-11-17,http://avoindata.prh.fi/opendata/tr/v1/2650329-8,OY
2647758-7,Pirkanmaan Kattohuolto Oy,,,2014-10-20,http://avoindata.prh.fi/opendata/tr/v1/2647758-7,OY
2655501-2,Konesaumakatto Silver Oy,,,2014-12-16,http://avoindata.prh.fi/opendata/tr/v1/2655501-2,OY
2656191-4,Viipurinkadun Remonttimiehet Oy,,,2014-12-08,http://avoindata.prh.fi/opendata/tr/v1/2656191-4,OY
2635663-8,A Kattotiimi Oy,,,2014-08-27,http://avoindata.prh.fi/opendata/tr/v1/2635663-8,OY
2630760-9,Komea Kodinremontti Oy,,,2014-08-21,http://avoindata.prh.fi/opendata/tr/v1/2630760-9,OY
2627627-5,Tavararemontti Oy,,,2014-08-13,http://avoindata.prh.fi/opendata/tr/v1/2627627-5,OY
2631874-6,Rakennus ja Remontti Timo Kettunen Oy,,,2014-08-12,http://avoindata.prh.fi/opendata/tr/v1/2631874-6,OY
2628908-4,Vesikattoliike Mäkinen Oy,,,2014-08-04,http://avoindata.prh.fi/opendata/tr/v1/2628908-4,OY
2626206-8,AitoVet Oy,,,2014-07-02,http://avoindata.prh.fi/opendata/tr/v1/2626206-8,OY
2624698-1,MJO-Katto Oy,,,2014-06-25,http://avoindata.prh.fi/opendata/tr/v1/2624698-1,OY
2621776-9,Remonttipalvelu Hakanen Oy,,,2014-06-12,http://avoindata.prh.fi/opendata/tr/v1/2621776-9,OY
2590967-5,Hämeen Rakennus ja Laatoitus Oy,,,2014-01-07,http://avoindata.prh.fi/opendata/tr/v1/2590967-5,OY
2614072-2,RST Remontti Oy,,,2014-04-10,http://avoindata.prh.fi/opendata/tr/v1/2614072-2,OY
2610947-7,Pohjois-Suomen Remonttipalvelu Oy,,,2014-03-28,http://avoindata.prh.fi/opendata/tr/v1/2610947-7,OY
2606576-9,PK Ikkunat & Ovet Oy,,,2014-03-27,http://avoindata.prh.fi/opendata/tr/v1/2606576-9,OY
2610284-9,ST-Kattomaalaus Oy,,,2014-03-27,http://avoindata.prh.fi/opendata/tr/v1/2610284-9,OY
2608098-5,JAM Remontti Oy,,,2014-03-25,http://avoindata.prh.fi/opendata/tr/v1/2608098-5,OY
2595646-3,HV-Remonttipalvelu Oy,,,2014-01-31,http://avoindata.prh.fi/opendata/tr/v1/2595646-3,OY
2617609-8,Ikikatto Oy,,,2014-04-28,http://avoindata.prh.fi/opendata/tr/v1/2617609-8,OY
2683446-8,Movetra Oy,,,2015-04-15,http://avoindata.prh.fi/opendata/tr/v1/2683446-8,OY
2683882-1,Suomen Kattoturva Oy,,,2015-04-10,http://avoindata.prh.fi/opendata/tr/v1/2683882-1,OY
2684040-3,RJ-Kattoturva Oy,,,2015-04-10,http://avoindata.prh.fi/opendata/tr/v1/2684040-3,OY
2683770-6,Katto Consulting Oy,,,2015-04-09,http://avoindata.prh.fi/opendata/tr/v1/2683770-6,OY
2667489-8,Remonttityö Ronkainen Oy,,,2015-03-23,http://avoindata.prh.fi/opendata/tr/v1/2667489-8,OY
2677050-5,DKwindows Oy,,,2015-03-23,http://avoindata.prh.fi/opendata/tr/v1/2677050-5,OY
2677937-4,Tuusulan kattohuolto Oy,,,2015-03-18,http://avoindata.prh.fi/opendata/tr/v1/2677937-4,OY
2714462-9,Saariston Katto Oy,,,2015-10-12,http://avoindata.prh.fi/opendata/tr/v1/2714462-9,OY
2721930-1,Kattokeskus Itä-Suomi Oy,,,2015-11-17,http://avoindata.prh.fi/opendata/tr/v1/2721930-1,OY
2722047-6,P&P Kattohuolto Oy,,,2015-11-09,http://avoindata.prh.fi/opendata/tr/v1/2722047-6,OY
2732482-2,MESK strech-katto Oy,,,2015-12-22,http://avoindata.prh.fi/opendata/tr/v1/2732482-2,OY
2725121-3,Remontti- ja sisustuspalvelu ElseJii Oy,,,2015-12-15,http://avoindata.prh.fi/opendata/tr/v1/2725121-3,OY
2730893-7,F-Doors Oy,,,2015-12-11,http://avoindata.prh.fi/opendata/tr/v1/2730893-7,OY
2728381-3,Remontti- ja Sisustuspalvelu T. Alho Oy,,,2015-12-07,http://avoindata.prh.fi/opendata/tr/v1/2728381-3,OY
2709500-3,J & H Laatoitus Oy,,,2015-09-15,http://avoindata.prh.fi/opendata/tr/v1/2709500-3,OY
2706355-4,Kattonen Oy,,,2015-08-31,http://avoindata.prh.fi/opendata/tr/v1/2706355-4,OY
2705156-1,Päijät-Remontti Oy,,,2015-08-21,http://avoindata.prh.fi/opendata/tr/v1/2705156-1,OY
2680432-2,Laatoitusliike Laattamestarit Oy,,,2015-06-30,http://avoindata.prh.fi/opendata/tr/v1/2680432-2,OY
2671670-1,TPH Remontti Oy,,,2015-02-04,http://avoindata.prh.fi/opendata/tr/v1/2671670-1,OY
2668676-8,Loviisan Eläinklinikka Lovet Oy,,,2015-01-27,http://avoindata.prh.fi/opendata/tr/v1/2668676-8,OY
2665078-1,Helsingin Kylpyhuoneremontti oy,,,2015-01-23,http://avoindata.prh.fi/opendata/tr/v1/2665078-1,OY
2663712-2,Uudenmaan Laatukatto Oy,,,2015-01-23,http://avoindata.prh.fi/opendata/tr/v1/2663712-2,OY
2661302-4,Länsirannikon Ikkunat ja Ovet Oy,,,2015-01-08,http://avoindata.prh.fi/opendata/tr/v1/2661302-4,OY
2684361-2,Kluuvin Kattohuolto Oy,,,2015-04-28,http://avoindata.prh.fi/opendata/tr/v1/2684361-2,OY
2684838-4,KattoHoiva Oy,,,2015-04-27,http://avoindata.prh.fi/opendata/tr/v1/2684838-4,OY
2683944-5,KATTO JES Oy,,,2015-04-17,http://avoindata.prh.fi/opendata/tr/v1/2683944-5,OY
2677550-9,Kattokolmikko Oy,,,2015-02-26,http://avoindata.prh.fi/opendata/tr/v1/2677550-9,OY
2670635-1,A1 Laatoitus Oy,,,2015-02-11,http://avoindata.prh.fi/opendata/tr/v1/2670635-1,OY
2689389-8,Kuntokeskus Movet Oy,,,2015-05-29,http://avoindata.prh.fi/opendata/tr/v1/2689389-8,OY
2754130-9,Design Katto Oy,,,2016-05-03,http://avoindata.prh.fi/opendata/tr/v1/2754130-9,OY
2758121-2,Remontti Följärit Oy,,,2016-04-26,http://avoindata.prh.fi/opendata/tr/v1/2758121-2,OY
2793376-7,Lahden rakennus ja remonttipalvelu oy,,,2016-12-01,http://avoindata.prh.fi/opendata/tr/v1/2793376-7,OY
2796622-7,Pirkan Remonttitalo Oy,,,2016-11-25,http://avoindata.prh.fi/opendata/tr/v1/2796622-7,OY
2794232-1,Kattoklinikka Oy,,,2016-11-22,http://avoindata.prh.fi/opendata/tr/v1/2794232-1,OY
2793612-4,Remonttipalvelu Lehtonen Oy,,,2016-11-11,http://avoindata.prh.fi/opendata/tr/v1/2793612-4,OY
2789411-2,Raksamies remonttipalvelut Oy,,,2016-11-04,http://avoindata.prh.fi/opendata/tr/v1/2789411-2,OY
2770202-9,Lahden Lähiremontti Oy,,,2016-12-31,http://avoindata.prh.fi/opendata/tr/v1/2770202-9,OY
2799297-8,RM-Kotiremontti Oy,,,2016-12-19,http://avoindata.prh.fi/opendata/tr/v1/2799297-8,OY
2798062-7,Suomen Kattopiste Oy,,,2016-12-16,http://avoindata.prh.fi/opendata/tr/v1/2798062-7,OY
2783158-4,Katto Oy Rovaniemi,,,2016-09-27,http://avoindata.prh.fi/opendata/tr/v1/2783158-4,OY
2782416-5,JH Talo- ja kattohuolto Oy,,,2016-09-23,http://avoindata.prh.fi/opendata/tr/v1/2782416-5,OY
2773663-2,RLO Katto Oy,,,2016-08-18,http://avoindata.prh.fi/opendata/tr/v1/2773663-2,OY
2773516-2,Kodin Kattokumppanit Oy,,,2016-08-16,http://avoindata.prh.fi/opendata/tr/v1/2773516-2,OY
2774393-9,HG-Remontti Oy,,,2016-08-11,http://avoindata.prh.fi/opendata/tr/v1/2774393-9,OY
2749981-7,Kouvolan Laatoitus ja Muuraus Osk,,,2016-03-18,http://avoindata.prh.fi/opendata/tr/v1/2749981-7,OK
2748562-6,Kruunuremontti Oy,,,2016-03-08,http://avoindata.prh.fi/opendata/tr/v1/2748562-6,OY
2750549-8,Maalaus- ja Laatoitusliike Jani Haavistola Oy,,,2016-03-07,http://avoindata.prh.fi/opendata/tr/v1/2750549-8,OY
2743921-6,Kattoketut Oy,,,2016-02-26,http://avoindata.prh.fi/opendata/tr/v1/2743921-6,OY
2767094-4,Kattotyö Jari Virta Oy,,,2016-06-23,http://avoindata.prh.fi/opendata/tr/v1/2767094-4,OY
2759742-5,Kronovet Ab,,,2016-06-22,http://avoindata.prh.fi/opendata/tr/v1/2759742-5,OY
2767105-8,Remonttiliike Lumo Oy,,,2016-06-22,http://avoindata.prh.fi/opendata/tr/v1/2767105-8,OY
2755080-3,Meidän Katto Oy,,,2016-04-21,http://avoindata.prh.fi/opendata/tr/v1/2755080-3,OY
2750296-7,Remontti 11 Oy,,,2016-04-06,http://avoindata.prh.fi/opendata/tr/v1/2750296-7,OY
2754937-8,Laaturemontti J. Hokkanen Oy,,,2016-04-06,http://avoindata.prh.fi/opendata/tr/v1/2754937-8,OY
2750234-2,Karelian Kattotiimi Oy,,,2016-03-30,http://avoindata.prh.fi/opendata/tr/v1/2750234-2,OY
2752849-7,HELSINGIN KATTOPESU OY,,,2016-03-30,http://avoindata.prh.fi/opendata/tr/v1/2752849-7,OY
2751470-6,Suomen Kattomaalari Oy,,,2016-03-29,http://avoindata.prh.fi/opendata/tr/v1/2751470-6,OY
2768234-7,Suomen Remonttitieto Oy,,,2016-07-19,http://avoindata.prh.fi/opendata/tr/v1/2768234-7,OY
2770345-1,JPK Laatoitus Oy,,,2016-07-18,http://avoindata.prh.fi/opendata/tr/v1/2770345-1,OY
2770656-4,Sievin KattoAsennus oy,,,2016-07-13,http://avoindata.prh.fi/opendata/tr/v1/2770656-4,OY
2769704-7,AF-Rakennus & Remonttipalvelut Oy,,,2016-07-08,http://avoindata.prh.fi/opendata/tr/v1/2769704-7,OY
2833607-5,Maalaus ja Remonttipalvelu Joki Oy,,,2017-06-01,http://avoindata.prh.fi/opendata/tr/v1/2833607-5,OY
2832928-9,Katto Savo Oy,,,2017-05-11,http://avoindata.prh.fi/opendata/tr/v1/2832928-9,OY
2830290-8,Eurokatto Etelä-Suomi Oy,,,2017-05-05,http://avoindata.prh.fi/opendata/tr/v1/2830290-8,OY
2864113-3,Kattokeskus Varsinais-Suomi Oy,,,2017-11-03,http://avoindata.prh.fi/opendata/tr/v1/2864113-3,OY
2860014-7,Lappeenrannan Remonttihuone Oy,,,2017-10-16,http://avoindata.prh.fi/opendata/tr/v1/2860014-7,OY
2869030-6,Kattokonsultointi Jari Mustikkamaa Oy,,,2017-11-28,http://avoindata.prh.fi/opendata/tr/v1/2869030-6,OY
2867248-2,Adno Remonttipalvelut Oy,,,2017-11-21,http://avoindata.prh.fi/opendata/tr/v1/2867248-2,OY
2866995-3,Kattokollit Oy,,,2017-11-17,http://avoindata.prh.fi/opendata/tr/v1/2866995-3,OY
2864972-5,Taivaskatto Oy,,,2017-11-10,http://avoindata.prh.fi/opendata/tr/v1/2864972-5,OY
2874746-4,SparIkkunat Oy,,,2017-12-21,http://avoindata.prh.fi/opendata/tr/v1/2874746-4,OY
2873941-3,Remontti-Haukka Oy,,,2017-12-20,http://avoindata.prh.fi/opendata/tr/v1/2873941-3,OY
2874309-2,Remontti Särkelä Oy,,,2017-12-20,http://avoindata.prh.fi/opendata/tr/v1/2874309-2,OY
2873277-2,MSK Vinyyli- ja kattorakenne Oy Ltd,,,2017-12-11,http://avoindata.prh.fi/opendata/tr/v1/2873277-2,OY
2864118-4,Turun Pintaremontti Oy,,,2017-12-04,http://avoindata.prh.fi/opendata/tr/v1/2864118-4,OY
2858865-1,JJ-kattohuolto Oy,,,2017-10-03,http://avoindata.prh.fi/opendata/tr/v1/2858865-1,OY
2855616-6,RemonttiJones Oy,,,2017-10-01,http://avoindata.prh.fi/opendata/tr/v1/2855616-6,OY
2854799-9,Outdoors Oulu Oy,,,2017-09-19,http://avoindata.prh.fi/opendata/tr/v1/2854799-9,OY
2822063-8,Reprovet Oy,,,2017-03-30,http://avoindata.prh.fi/opendata/tr/v1/2822063-8,OY
2823041-4,RemonttipalveLu oma,,,2017-03-24,http://avoindata.prh.fi/opendata/tr/v1/2823041-4,OY
2822533-2,Remontti ja Piha Kyläluuta Oy,,,2017-03-24,http://avoindata.prh.fi/opendata/tr/v1/2822533-2,OY
2818518-2,Roll Outdoors Oy,,,2017-03-10,http://avoindata.prh.fi/opendata/tr/v1/2818518-2,OY
2836335-6,Kattoni Oy,,,2017-06-09,http://avoindata.prh.fi/opendata/tr/v1/2836335-6,OY
2828882-7,Broofing Oy,,,2017-04-20,http://avoindata.prh.fi/opendata/tr/v1/2828882-7,OY
2826272-3,Remonttiteam Siikaluoma Oy,,,2017-04-06,http://avoindata.prh.fi/opendata/tr/v1/2826272-3,OY
2846607-2,Sastamalan Kiinteistö- ja remonttiapu Oy,,,2017-08-01,http://avoindata.prh.fi/opendata/tr/v1/2846607-2,OY
2841377-1,Hämeen Kattopalvelu Oy,,,2017-07-20,http://avoindata.prh.fi/opendata/tr/v1/2841377-1,OY
2841198-7,SD-Remontti Oy,,,2017-07-10,http://avoindata.prh.fi/opendata/tr/v1/2841198-7,OY
2918190-9,Laatoitus- ja Rakennuspalvelu Soinio Oy,,,2018-06-12,http://avoindata.prh.fi/opendata/tr/v1/2918190-9,OY
2915586-6,TM-Remontti Oy,,,2018-05-24,http://avoindata.prh.fi/opendata/tr/v1/2915586-6,OY
2911097-5,TJT Katto Oy,,,2018-05-22,http://avoindata.prh.fi/opendata/tr/v1/2911097-5,OY
2948003-6,Sotkuman Remonttipalvelu Oy,,,2018-11-06,http://avoindata.prh.fi/opendata/tr/v1/2948003-6,OY
2940189-5,Suomen vesiremontti Oy,,,2018-10-23,http://avoindata.prh.fi/opendata/tr/v1/2940189-5,OY
2941780-3,JML Tiling Oy,,,2018-10-17,http://avoindata.prh.fi/opendata/tr/v1/2941780-3,OY
2953827-7,Kattokeskus Länsi-Uusimaa Oy,,,2018-12-04,http://avoindata.prh.fi/opendata/tr/v1/2953827-7,OY
2953826-9,Kattokeskus Keski-Suomi Oy,,,2018-12-04,http://avoindata.prh.fi/opendata/tr/v1/2953826-9,OY
2949120-2,FTS-laatoitus Oy,,,2018-11-28,http://avoindata.prh.fi/opendata/tr/v1/2949120-2,OY
2956517-9,Lahden Kattohuolto Oy,,,2018-12-17,http://avoindata.prh.fi/opendata/tr/v1/2956517-9,OY
2952142-4,GekkoVet Oy,,,2018-12-10,http://avoindata.prh.fi/opendata/tr/v1/2952142-4,OY
2944712-1,TK Laatoitus&Remontit Oy,,,2018-10-10,http://avoindata.prh.fi/opendata/tr/v1/2944712-1,OY
2936648-7,HJ Laatoitus Oy,,,2018-10-08,http://avoindata.prh.fi/opendata/tr/v1/2936648-7,OY
2935637-7,Katto Virtanen Oy,,,2018-09-20,http://avoindata.prh.fi/opendata/tr/v1/2935637-7,OY
2938052-9,Suomen Bitumikatto Oy,,,2018-09-12,http://avoindata.prh.fi/opendata/tr/v1/2938052-9,OY
2932893-1,KSTV Remontti ja Rakennus Oy,,,2018-09-04,http://avoindata.prh.fi/opendata/tr/v1/2932893-1,OY
2934364-8,Putkialan Remonttipalvelu Oy,,,2018-09-03,http://avoindata.prh.fi/opendata/tr/v1/2934364-8,OY
2928392-1,Vastuuremontti Oy,,,2018-09-01,http://avoindata.prh.fi/opendata/tr/v1/2928392-1,OY
2931807-1,Taika Outdoors Oy,,,2018-08-31,http://avoindata.prh.fi/opendata/tr/v1/2931807-1,OY
2932205-4,KattoMaster Oy,,,2018-08-27,http://avoindata.prh.fi/opendata/tr/v1/2932205-4,OY
2910248-1,Remontti M.Korhonen Oy,,,2018-04-19,http://avoindata.prh.fi/opendata/tr/v1/2910248-1,OY
2910100-8,Remonttiurokset Oy,,,2018-04-18,http://avoindata.prh.fi/opendata/tr/v1/2910100-8,OY
2894323-8,K 1 Laatoitus Oy,,,2018-04-05,http://avoindata.prh.fi/opendata/tr/v1/2894323-8,OY
2919887-4,Oulux Ovet ja Ikkunat Oy,,,2018-07-09,http://avoindata.prh.fi/opendata/tr/v1/2919887-4,OY
2921879-1,Laitilan Katto- ja korjaustyö Oy,,,2018-07-09,http://avoindata.prh.fi/opendata/tr/v1/2921879-1,OY
2912395-2,LVI & Remonttipalvelu Räisänen OY,,,2018-05-04,http://avoindata.prh.fi/opendata/tr/v1/2912395-2,OY
2928401-9,TS-Katto Oy,,,2018-07-27,http://avoindata.prh.fi/opendata/tr/v1/2928401-9,OY
2925265-8,Asunto Oy Mustasaaren Kristiinenhovi - Bostads Ab Korsholms Kristinehovet,,,2018-07-25,http://avoindata.prh.fi/opendata/tr/v1/2925265-8,AOY
2989439-4,Kattokeskus Uusimaa Oy,,,2019-08-31,http://avoindata.prh.fi/opendata/tr/v1/2989439-4,OY
3021001-7,Näppärä Remonttipalvelut OY,,,2019-08-30,http://avoindata.prh.fi/opendata/tr/v1/3021001-7,OY
3016848-8,Multilingual Parenting Ab,,,2019-08-19,http://avoindata.prh.fi/opendata/tr/v1/3016848-8,OY
3100917-1,Haagan Remontti ja Putkityö oy,,,2019-11-26,http://avoindata.prh.fi/opendata/tr/v1/3100917-1,OY
3098583-2,Ollin remonttipalvelu Oy,,,2019-11-14,http://avoindata.prh.fi/opendata/tr/v1/3098583-2,OY
3092222-5,Kulta Katto Oy,,,2019-11-14,http://avoindata.prh.fi/opendata/tr/v1/3092222-5,OY
3104692-5,Remontti Käpylä Oy,,,2019-12-12,http://avoindata.prh.fi/opendata/tr/v1/3104692-5,OY
3104052-3,Rakennus ja Laatoitus JPL Turunen Oy,,,2019-12-10,http://avoindata.prh.fi/opendata/tr/v1/3104052-3,OY
3102700-3,LLP Laatoitus Oy,,,2019-12-04,http://avoindata.prh.fi/opendata/tr/v1/3102700-3,OY
3107558-2,Valla Outdoors Oy,,,2019-12-30,http://avoindata.prh.fi/opendata/tr/v1/3107558-2,OY
3105570-9,Haaveremontti Oy,,,2019-12-30,http://avoindata.prh.fi/opendata/tr/v1/3105570-9,OY
3106931-8,Kodin Remonttimies Oy,,,2019-12-23,http://avoindata.prh.fi/opendata/tr/v1/3106931-8,OY
3106718-7,Hämeen Remonttiapu Nurminen Oy,,,2019-12-23,http://avoindata.prh.fi/opendata/tr/v1/3106718-7,OY
3097276-7,A&M Kotiremontti Oy,,,2019-11-08,http://avoindata.prh.fi/opendata/tr/v1/3097276-7,OY
3096569-8,Posioutdoors Oy,,,2019-11-06,http://avoindata.prh.fi/opendata/tr/v1/3096569-8,OY
3096704-4,Ionascun Remontti- ja Kotipalvelut Oy,,,2019-11-05,http://avoindata.prh.fi/opendata/tr/v1/3096704-4,OY
3096639-1,Remonttiluotsi Oy,,,2019-11-04,http://avoindata.prh.fi/opendata/tr/v1/3096639-1,OY
3094769-2,Seremontti Oy,,,2019-11-04,http://avoindata.prh.fi/opendata/tr/v1/3094769-2,OY
3092293-8,Remontti Veikko Oy,,,2019-10-29,http://avoindata.prh.fi/opendata/tr/v1/3092293-8,OY
3094449-1,RV-Remontti OY,,,2019-10-23,http://avoindata.prh.fi/opendata/tr/v1/3094449-1,OY
3091149-7,Lvis-BRAREMONTTICOM Oy,,,2019-10-22,http://avoindata.prh.fi/opendata/tr/v1/3091149-7,OY
3093931-8,Suomen Kattotarkastus Oy,,,2019-10-22,http://avoindata.prh.fi/opendata/tr/v1/3093931-8,OY
3093779-3,EK Kattokeskus Oy,,,2019-10-21,http://avoindata.prh.fi/opendata/tr/v1/3093779-3,OY
3093545-6,Uudenmaan Kattopelti ja Huolto Oy,,,2019-10-18,http://avoindata.prh.fi/opendata/tr/v1/3093545-6,OY
3092037-7,Ottakatto Oy,,,2019-10-10,http://avoindata.prh.fi/opendata/tr/v1/3092037-7,OY
3010364-1,Rakennus ja Remontti JSK Oy,,,2019-07-25,http://avoindata.prh.fi/opendata/tr/v1/3010364-1,OY
3011116-6,Remonttityö Karlakari Oy,,,2019-07-23,http://avoindata.prh.fi/opendata/tr/v1/3011116-6,OY
3013808-6,Nallen Kylpyhuoneremontti Oy,,,2019-07-23,http://avoindata.prh.fi/opendata/tr/v1/3013808-6,OY
3010528-4,omaRemontti Oy,,,2019-07-18,http://avoindata.prh.fi/opendata/tr/v1/3010528-4,OY
3013159-7,Laatoitus Raita Oy,,,2019-07-18,http://avoindata.prh.fi/opendata/tr/v1/3013159-7,OY
3009070-5,JHP-Laatoitus Oy,,,2019-07-17,http://avoindata.prh.fi/opendata/tr/v1/3009070-5,OY
3008624-7,BET-Katto Oy,,,2019-07-16,http://avoindata.prh.fi/opendata/tr/v1/3008624-7,OY
3011782-4,123 Remontti- ja Apupalvelut oy,,,2019-07-15,http://avoindata.prh.fi/opendata/tr/v1/3011782-4,OY
3022609-4,Remonttipalvelu Litjo Oy,,,2019-09-10,http://avoindata.prh.fi/opendata/tr/v1/3022609-4,OY
3020612-2,L13 Laatoitus Oy,,,2019-09-09,http://avoindata.prh.fi/opendata/tr/v1/3020612-2,OY
3013192-5,Remonttipalvelu Lehtovirta OY,,,2019-08-13,http://avoindata.prh.fi/opendata/tr/v1/3013192-5,OY
3017749-9,Neurovet Oy,,,2019-08-13,http://avoindata.prh.fi/opendata/tr/v1/3017749-9,OY
3017138-8,ED Laatoitus OY,,,2019-08-09,http://avoindata.prh.fi/opendata/tr/v1/3017138-8,OY
3013351-7,Remonttineliö Oy,,,2019-07-31,http://avoindata.prh.fi/opendata/tr/v1/3013351-7,OY
3091515-6,Kattokopla Oy,,,2019-10-08,http://avoindata.prh.fi/opendata/tr/v1/3091515-6,OY
3087136-8,Saumakatto Sivonen Oy,,,2019-10-08,http://avoindata.prh.fi/opendata/tr/v1/3087136-8,OY
3090265-4,Remonttivelhot Oy,,,2019-10-04,http://avoindata.prh.fi/opendata/tr/v1/3090265-4,OY
3089524-7,Remonttiliike Kalu & Pakki Oy,,,2019-10-01,http://avoindata.prh.fi/opendata/tr/v1/3089524-7,OY
3088914-6,PROkaakeli Kylpyhuoneremontti Oy,,,2019-10-01,http://avoindata.prh.fi/opendata/tr/v1/3088914-6,OY
3088426-5,RemonttiMestari Niemikorpi Oy,,,2019-10-01,http://avoindata.prh.fi/opendata/tr/v1/3088426-5,OY
3155009-9,Kymenlaakson kattomestarit Oy,,,2020-09-01,http://avoindata.prh.fi/opendata/tr/v1/3155009-9,OY
3126320-9,Remonttipartio Oy,,,2020-08-31,http://avoindata.prh.fi/opendata/tr/v1/3126320-9,OY
3154145-9,Mobikatto Oy,,,2020-08-26,http://avoindata.prh.fi/opendata/tr/v1/3154145-9,OY
3151698-2,Etelä-Suomen Vahinkosaneeraus & Remonttipalvelu Oy,,,2020-08-18,http://avoindata.prh.fi/opendata/tr/v1/3151698-2,OY
3168762-6,Novetcom Oy,,,2020-11-18,http://avoindata.prh.fi/opendata/tr/v1/3168762-6,OY
3170796-5,Mikan Kattopalvelu Oy,,,2020-11-16,http://avoindata.prh.fi/opendata/tr/v1/3170796-5,OY
3174821-4,H&R Katto Oy,,,2020-12-11,http://avoindata.prh.fi/opendata/tr/v1/3174821-4,OY
3174478-2,Remontti Peltoniemi Oy,,,2020-12-04,http://avoindata.prh.fi/opendata/tr/v1/3174478-2,OY
3173565-9,Remontti Maisterit oy,,,2020-12-01,http://avoindata.prh.fi/opendata/tr/v1/3173565-9,OY
3173585-1,RemonttimestariTT oy,,,2020-12-01,http://avoindata.prh.fi/opendata/tr/v1/3173585-1,OY
3171156-9,Länsirannikon remontointi & kattomaalaukset Oy,,,2020-12-31,http://avoindata.prh.fi/opendata/tr/v1/3171156-9,OY
3175312-8,Laaturemontti Nyman Oy,,,2020-12-21,http://avoindata.prh.fi/opendata/tr/v1/3175312-8,OY
3175044-5,Diga-Remontti Oy,,,2020-12-17,http://avoindata.prh.fi/opendata/tr/v1/3175044-5,OY
3176024-8,HepoVet Oy,,,2020-12-16,http://avoindata.prh.fi/opendata/tr/v1/3176024-8,OY
3168308-6,Allegro Remontti Oy,,,2020-11-05,http://avoindata.prh.fi/opendata/tr/v1/3168308-6,OY
3167705-7,TaitoKatto Oy,,,2020-11-05,http://avoindata.prh.fi/opendata/tr/v1/3167705-7,OY
3167891-4,Remonttirölli Oy,,,2020-11-04,http://avoindata.prh.fi/opendata/tr/v1/3167891-4,OY
3165171-1,ScandiKatto Oy,,,2020-10-19,http://avoindata.prh.fi/opendata/tr/v1/3165171-1,OY
3165333-8,Kanta-Hämeen Ikkunat ja Ovet Oy,,,2020-10-19,http://avoindata.prh.fi/opendata/tr/v1/3165333-8,OY
3164067-6,Jylhä Outdoors Oy,,,2020-10-13,http://avoindata.prh.fi/opendata/tr/v1/3164067-6,OY
3146542-5,Kattowatti Oy,,,2020-07-20,http://avoindata.prh.fi/opendata/tr/v1/3146542-5,OY
3146364-9,Rakennus ja Remontti JR Oy,,,2020-07-15,http://avoindata.prh.fi/opendata/tr/v1/3146364-9,OY
3158301-8,Suomen Kotisi Remonttipalvelut Oy,,,2020-09-16,http://avoindata.prh.fi/opendata/tr/v1/3158301-8,OY
3156730-9,Remonttipalvelu A.Helo Oy,,,2020-09-14,http://avoindata.prh.fi/opendata/tr/v1/3156730-9,OY
3156461-8,Shunxin Lin Remontti Oy,,,2020-09-08,http://avoindata.prh.fi/opendata/tr/v1/3156461-8,OY
3156732-5,Suomen Kattourakointi Oy,,,2020-09-08,http://avoindata.prh.fi/opendata/tr/v1/3156732-5,OY
3156202-2,Remontti My Home Oy,,,2020-09-07,http://avoindata.prh.fi/opendata/tr/v1/3156202-2,OY
3155663-4,Lautakatto Oy,,,2020-09-03,http://avoindata.prh.fi/opendata/tr/v1/3155663-4,OY
3149442-9,Savon Maalaus- ja Remonttityö Oy,,,2020-08-05,http://avoindata.prh.fi/opendata/tr/v1/3149442-9,OY
3147843-7,VetoVet Oy,,,2020-07-31,http://avoindata.prh.fi/opendata/tr/v1/3147843-7,OY
3155789-9,Turun Kattohuolto Oy,,,2020-10-01,http://avoindata.prh.fi/opendata/tr/v1/3155789-9,OY
3161319-2,K.I REMONTTIPALVELUT OY,,,2020-10-01,http://avoindata.prh.fi/opendata/tr/v1/3161319-2,OY
3150980-3,Remonttipalvelu Lahnalammi Oy,,,2020-09-30,http://avoindata.prh.fi/opendata/tr/v1/3150980-3,OY
3232103-6,Puijon remontti ja suunnittelu Oy,,,2021-09-02,http://avoindata.prh.fi/opendata/tr/v1/3232103-6,OY
3229312-7,Korpi Outdoors Oy,,,2021-08-20,http://avoindata.prh.fi/opendata/tr/v1/3229312-7,OY
3228740-5,Alex Flooring Oy,,,2021-08-17,http://avoindata.prh.fi/opendata/tr/v1/3228740-5,OY
3249198-3,Kattovahti Oy,,,2021-11-29,http://avoindata.prh.fi/opendata/tr/v1/3249198-3,OY
3247839-1,SK Laatoituspalvelut Oy,,,2021-11-18,http://avoindata.prh.fi/opendata/tr/v1/3247839-1,OY
3245846-2,Sake Rakennus & Remontti Oy,,,2021-11-18,http://avoindata.prh.fi/opendata/tr/v1/3245846-2,OY
3247272-3,DT-Laatoitus Oy,,,2021-11-16,http://avoindata.prh.fi/opendata/tr/v1/3247272-3,OY
3247849-8,T.T Remontti Oy,,,2021-11-15,http://avoindata.prh.fi/opendata/tr/v1/3247849-8,OY
3246621-9,Kattoman Oy,,,2021-11-15,http://avoindata.prh.fi/opendata/tr/v1/3246621-9,OY
3248617-2,Kattokeskus Software Oy,,,2021-12-02,http://avoindata.prh.fi/opendata/tr/v1/3248617-2,OY
3250459-6,Kuopion Kattopalvelut Oy,,,2021-12-01,http://avoindata.prh.fi/opendata/tr/v1/3250459-6,OY
3250616-1,Pohjolan Kattopalvelu Oy,,,2021-12-01,http://avoindata.prh.fi/opendata/tr/v1/3250616-1,OY
3250249-4,JJ Remontti oy,,,2021-11-30,http://avoindata.prh.fi/opendata/tr/v1/3250249-4,OY
3249260-1,Mv kattojenmaalaus Oy,,,2021-11-29,http://avoindata.prh.fi/opendata/tr/v1/3249260-1,OY
3231581-6,Katto-Kaasinen Oy,,,2021-12-31,http://avoindata.prh.fi/opendata/tr/v1/3231581-6,OY
3243835-7,Pelti&Kattotyö Grönvall oy,,,2021-10-27,http://avoindata.prh.fi/opendata/tr/v1/3243835-7,OY
3243752-2,Remonttitoimisto H. Kemppainen Oy,,,2021-10-27,http://avoindata.prh.fi/opendata/tr/v1/3243752-2,OY
3240790-5,SM Laatoitus Oy,,,2021-10-18,http://avoindata.prh.fi/opendata/tr/v1/3240790-5,OY
3224449-9,Päijät-Hämeen Laatoitusurakointi Oy,,,2021-07-22,http://avoindata.prh.fi/opendata/tr/v1/3224449-9,OY
3223845-1,Remonttipalvelu Pulkkanen Oy,,,2021-07-21,http://avoindata.prh.fi/opendata/tr/v1/3223845-1,OY
3222930-1,RemonttiEemeli Oy,,,2021-07-13,http://avoindata.prh.fi/opendata/tr/v1/3222930-1,OY
3213653-5,Kuopion kodinremontti- ja siivouspalvelut Oy,,,2021-07-07,http://avoindata.prh.fi/opendata/tr/v1/3213653-5,OY
3221600-9,KL Laatoitus Oy,,,2021-07-07,http://avoindata.prh.fi/opendata/tr/v1/3221600-9,OY
3234758-6,Helsingin pientä pintaremonttia Oy,,,2021-09-22,http://avoindata.prh.fi/opendata/tr/v1/3234758-6,OY
3235394-3,ST Peltikatto Oy,,,2021-09-20,http://avoindata.prh.fi/opendata/tr/v1/3235394-3,OY
3235362-8,Katto Gold Oy,,,2021-09-20,http://avoindata.prh.fi/opendata/tr/v1/3235362-8,OY
3233058-1,Remontti Helsinki Oy,,,2021-09-14,http://avoindata.prh.fi/opendata/tr/v1/3233058-1,OY
3233281-9,Fixu Katto Oy,,,2021-09-08,http://avoindata.prh.fi/opendata/tr/v1/3233281-9,OY
3233406-4,Laatoitus ja Rakennus Ruuttula Oy,,,2021-09-07,http://avoindata.prh.fi/opendata/tr/v1/3233406-4,OY
3227739-7,Suomen Kattopinta Oy,,,2021-08-11,http://avoindata.prh.fi/opendata/tr/v1/3227739-7,OY
3226261-1,Vacuum Insulation Solutions Oy,,,2021-08-03,http://avoindata.prh.fi/opendata/tr/v1/3226261-1,OY
3223693-1,Illyrian Remontti Oy,,,2021-07-30,http://avoindata.prh.fi/opendata/tr/v1/3223693-1,OY
3225063-7,Tarkka remontti Oy,,,2021-07-26,http://avoindata.prh.fi/opendata/tr/v1/3225063-7,OY
3227102-4,Laatoituspalvelu A. Määttä Oy,,,2021-10-01,http://avoindata.prh.fi/opendata/tr/v1/3227102-4,OY
3234626-8,Remonttimo Oy,,,2021-09-30,http://avoindata.prh.fi/opendata/tr/v1/3234626-8,OY
3236163-6,Pipe Insulation Finland Oy,,,2021-09-24,http://avoindata.prh.fi/opendata/tr/v1/3236163-6,OY
3306058-7,Remonttitarinoita Oy,,,2022-08-19,http://avoindata.prh.fi/opendata/tr/v1/3306058-7,OY
3304818-2,RemonttiGuru Oy,,,2022-08-15,http://avoindata.prh.fi/opendata/tr/v1/3304818-2,OY
3326830-2,Maalaus & Remontti Okra Oy,,,2022-11-24,http://avoindata.prh.fi/opendata/tr/v1/3326830-2,OY
3314613-7,PorrasRemontti.fi by FormTrappan Oy,,,2022-11-23,http://avoindata.prh.fi/opendata/tr/v1/3314613-7,OY
3325730-4,Remontti Setälä Oy,,,2022-11-18,http://avoindata.prh.fi/opendata/tr/v1/3325730-4,OY
3329918-4,Birkaland Great Outdoors Company Oy,,,2022-12-13,http://avoindata.prh.fi/opendata/tr/v1/3329918-4,OY
3329674-1,C&N Sisäremontti oy,,,2022-12-13,http://avoindata.prh.fi/opendata/tr/v1/3329674-1,OY
3329315-3,Remonttilux Oy,,,2022-12-08,http://avoindata.prh.fi/opendata/tr/v1/3329315-3,OY
3327671-6,ML remontti ja asennus Oy,,,2022-12-02,http://avoindata.prh.fi/opendata/tr/v1/3327671-6,OY
3327698-6,Remontti Alen Oy,,,2022-11-29,http://avoindata.prh.fi/opendata/tr/v1/3327698-6,OY
3327204-5,TT Kattotyöt OY,,,2022-11-28,http://avoindata.prh.fi/opendata/tr/v1/3327204-5,OY
3307090-2,JoVet Oy,,,2022-12-31,http://avoindata.prh.fi/opendata/tr/v1/3307090-2,OY
3332740-5,Remonttileijonat Oy,,,2022-12-30,http://avoindata.prh.fi/opendata/tr/v1/3332740-5,OY
3332856-3,Katto Importing Oy,,,2022-12-23,http://avoindata.prh.fi/opendata/tr/v1/3332856-3,OY
3327509-4,Akaan Remontti Oy,,,2022-12-22,http://avoindata.prh.fi/opendata/tr/v1/3327509-4,OY
3331655-4,Kattotekniikka Oy Pirkanmaa,,,2022-12-20,http://avoindata.prh.fi/opendata/tr/v1/3331655-4,OY
3317343-4,Laatoitus ja muuraus A.Kangas Oy,,,2022-12-19,http://avoindata.prh.fi/opendata/tr/v1/3317343-4,OY
3322732-4,Bravo-Erikoislaatoitus Oy,,,2022-11-04,http://avoindata.prh.fi/opendata/tr/v1/3322732-4,OY
3321867-1,Kristalli ikkunat Oy,,,2022-11-02,http://avoindata.prh.fi/opendata/tr/v1/3321867-1,OY
3316666-4,E-kattohuolto Oy,,,2022-10-26,http://avoindata.prh.fi/opendata/tr/v1/3316666-4,OY
3317382-1,Alakattomies Oy,,,2022-10-13,http://avoindata.prh.fi/opendata/tr/v1/3317382-1,OY
3317123-6,Keski-Suomen Remonttipalvelut Oy,,,2022-10-11,http://avoindata.prh.fi/opendata/tr/v1/3317123-6,OY
3306834-3,Pihka Outdoors Oy,,,2022-10-07,http://avoindata.prh.fi/opendata/tr/v1/3306834-3,OY
3289717-4,Laatoitustyöt S.Heinonen Oy,,,2022-07-07,http://avoindata.prh.fi/opendata/tr/v1/3289717-4,OY
3297328-8,Timanttikatto ja -Saneeraus Oy,,,2022-07-07,http://avoindata.prh.fi/opendata/tr/v1/3297328-8,OY
3297763-3,Laatoitus Tuominen Oy,,,2022-07-07,http://avoindata.prh.fi/opendata/tr/v1/3297763-3,OY
3297325-3,Kattosähkö Oy,,,2022-07-05,http://avoindata.prh.fi/opendata/tr/v1/3297325-3,OY
3309939-3,Keski-Uudenmaan Katto Oy,,,2022-09-07,http://avoindata.prh.fi/opendata/tr/v1/3309939-3,OY
3309510-6,Peimarin remontti ja metallityö Oy,,,2022-09-07,http://avoindata.prh.fi/opendata/tr/v1/3309510-6,OY
3296928-9,Vaasan Ikkunateippaus Oy,,,2022-09-01,http://avoindata.prh.fi/opendata/tr/v1/3296928-9,OY
3307324-9,L&G Laatoitus Oy,,,2022-08-26,http://avoindata.prh.fi/opendata/tr/v1/3307324-9,OY
3303064-4,tovetove Oy,,,2022-08-04,http://avoindata.prh.fi/opendata/tr/v1/3303064-4,OY
3299073-1,Perälän remontti ja vuokraus oy,,,2022-07-25,http://avoindata.prh.fi/opendata/tr/v1/3299073-1,OY
3312441-3,JS Kattohuolto Oy,,,2022-09-16,http://avoindata.prh.fi/opendata/tr/v1/3312441-3,OY
3376091-1,Remonttinen Oy,,,2023-08-24,http://avoindata.prh.fi/opendata/tr/v1/3376091-1,OY
3382189-2,Verkkoremontti Oy,,,2023-08-21,http://avoindata.prh.fi/opendata/tr/v1/3382189-2,OY
3380318-4,Doors and corners Oy,,,2023-08-11,http://avoindata.prh.fi/opendata/tr/v1/3380318-4,OY
3379798-4,Kristinan siivous -ja remonttipalvelu Oy,,,2023-08-08,http://avoindata.prh.fi/opendata/tr/v1/3379798-4,OY
3379309-4,PSP Remonttipalvelu Oy,,,2023-08-02,http://avoindata.prh.fi/opendata/tr/v1/3379309-4,OY
3407990-9,VP Katto Oy,,,2023-11-27,http://avoindata.prh.fi/opendata/tr/v1/3407990-9,OY
3406320-2,Kodin Ikkunat Oy,,,2023-11-20,http://avoindata.prh.fi/opendata/tr/v1/3406320-2,OY
3410565-2,Kaisaniemen Kattohuolto Oy,,,2023-12-22,http://avoindata.prh.fi/opendata/tr/v1/3410565-2,OY
3410559-9,Lujakatto Oy,,,2023-12-20,http://avoindata.prh.fi/opendata/tr/v1/3410559-9,OY
3377004-4,Kvartti Putkiremontti Oy,,,2023-10-31,http://avoindata.prh.fi/opendata/tr/v1/3377004-4,OY
3392964-1,Hotu Outdoors Oy,,,2023-10-05,http://avoindata.prh.fi/opendata/tr/v1/3392964-1,OY
3387901-5,Tiilikatto24 OY,,,2023-10-03,http://avoindata.prh.fi/opendata/tr/v1/3387901-5,OY
3385892-7,Katto&Solar Oy,,,2023-10-02,http://avoindata.prh.fi/opendata/tr/v1/3385892-7,OY
3393507-2,NOVETA OY,,,2023-10-01,http://avoindata.prh.fi/opendata/tr/v1/3393507-2,OY
3391776-3,Kattotaiturit Oy,,,2023-09-29,http://avoindata.prh.fi/opendata/tr/v1/3391776-3,OY
3392147-1,Remonttipalvelu Sävel Oy,,,2023-09-26,http://avoindata.prh.fi/opendata/tr/v1/3392147-1,OY
3391851-2,Lapin Remontti- ja Siivouspalvelu Oy,,,2023-09-25,http://avoindata.prh.fi/opendata/tr/v1/3391851-2,OY
3390664-2,Sompa Outdoors Oy,,,2023-09-21,http://avoindata.prh.fi/opendata/tr/v1/3390664-2,OY
3373046-4,J.L Kattomaalaus Oy,,,2023-07-12,http://avoindata.prh.fi/opendata/tr/v1/3373046-4,OY
3374392-7,Kaarinan Remontti & Siivous Oy,,,2023-07-11,http://avoindata.prh.fi/opendata/tr/v1/3374392-7,OY
3369666-5,Get Outdoors oy,,,2023-06-30,http://avoindata.prh.fi/opendata/tr/v1/3369666-5,OY
3382271-3,Viksu Huoneistoremontti Oy,,,2023-09-06,http://avoindata.prh.fi/opendata/tr/v1/3382271-3,OY
3385026-3,Stadin remonttiapu Oy,,,2023-09-05,http://avoindata.prh.fi/opendata/tr/v1/3385026-3,OY
3381009-3,Suomen Energiaremontti Oy,,,2023-08-28,http://avoindata.prh.fi/opendata/tr/v1/3381009-3,OY
3376624-8,JR Remontti- ja monipalvelu Oy,,,2023-07-20,http://avoindata.prh.fi/opendata/tr/v1/3376624-8,OY
3390987-8,Remonttikauppa Uusimaa Oy,,,2023-09-21,http://avoindata.prh.fi/opendata/tr/v1/3390987-8,OY
3390402-2,Samion Remontti Oy,,,2023-09-20,http://avoindata.prh.fi/opendata/tr/v1/3390402-2,OY
3390258-8,Papu Outdoors Oy,,,2023-09-18,http://avoindata.prh.fi/opendata/tr/v1/3390258-8,OY
3388487-7,Kylmälän Kattorakennus Oy,,,2023-09-14,http://avoindata.prh.fi/opendata/tr/v1/3388487-7,OY
3388203-8,Kaluste-& Remonttipalvelu Aarre oy,,,2023-09-14,http://avoindata.prh.fi/opendata/tr/v1/3388203-8,OY
3387107-2,Someremontti Oy,,,2023-09-11,http://avoindata.prh.fi/opendata/tr/v1/3387107-2,OY
